{"name":"t:sections.footer.name","type":"footer","sections":{"footer":{"type":"footer","blocks":{"link_list":{"type":"link_list","settings":{"heading":"EXPLORE KESH GEMSTONE","menu":"footer"}},"link_list_wgEb93":{"type":"link_list","settings":{"heading":"EDUCATION","menu":"education"}},"brand_information_rWrqep":{"type":"brand_information","settings":{"show_social":false}}},"block_order":["link_list","link_list_wgEb93","brand_information_rWrqep"],"settings":{"color_scheme":"scheme-d7365d06-4436-44c7-adf6-14a0691ceb13","newsletter_enable":true,"newsletter_heading":"Subscribe to our emails","enable_follow_on_shop":true,"show_social":true,"enable_country_selector":true,"enable_language_selector":true,"payment_enable":true,"show_policy":true,"margin_top":0,"padding_top":36,"padding_bottom":36}}},"order":["footer"]}