{"name":"t:sections.header.name","type":"header","sections":{"announcement-bar":{"type":"announcement-bar","blocks":{"announcement-bar-0":{"type":"announcement","settings":{"text":"24\/7 CUSTOMER SERVICE","link":""}},"announcement_xyUjCN":{"type":"announcement","settings":{"text":"LIFETIME WARRANTY","link":""}},"announcement_E4zRyK":{"type":"announcement","settings":{"text":"FREE INTERNATIONAL SHIPPING","link":""}},"announcement_DCiR8M":{"type":"announcement","settings":{"text":"EXTENDED RETURNS","link":""}}},"block_order":["announcement-bar-0","announcement_xyUjCN","announcement_E4zRyK","announcement_DCiR8M"],"settings":{"color_scheme":"scheme-5","show_line_separator":true,"show_social":false,"auto_rotate":false,"change_slides_speed":5,"enable_country_selector":false,"enable_language_selector":false}},"header":{"type":"header","settings":{"logo_position":"middle-left","menu":"main-menu","menu_type_desktop":"mega","sticky_header_type":"reduce-logo-size","show_line_separator":true,"color_scheme":"scheme-4","menu_color_scheme":"","enable_country_selector":false,"enable_language_selector":true,"enable_customer_avatar":true,"mobile_logo_position":"center","margin_bottom":0,"padding_top":8,"padding_bottom":8}}},"order":["announcement-bar","header"]}