{"sections":{"image_banner":{"type":"image-banner","blocks":{"text":{"type":"text","settings":{"text":"find your dream ring","text_style":"caption-with-letter-spacing"}},"heading":{"type":"heading","settings":{"heading":"Now at <a href=\"\/collections\/exclusive-collection\" title=\"Exclusive Collection\">HOLIDAY <\/a>Pricing","heading_size":"h1"}},"button":{"type":"buttons","settings":{"button_label_1":"SHOP ENGAGEMENT RINGS","button_link_1":"shopify:\/\/collections\/engagement-and-wedding-rings","button_style_secondary_1":false,"button_label_2":"","button_link_2":"","button_style_secondary_2":false}}},"block_order":["text","heading","button"],"settings":{"image":"shopify:\/\/shop_images\/banner-desktop.jpg","image_overlay_opacity":40,"image_height":"small","desktop_content_position":"middle-left","show_text_box":false,"desktop_content_alignment":"left","color_scheme":"scheme-5","image_behavior":"none","mobile_content_alignment":"center","stack_images_on_mobile":true,"show_text_below":false}},"multicolumn":{"type":"multicolumn","blocks":{"column1":{"type":"column","settings":{"image":"shopify:\/\/shop_images\/USP1.jpg","title":"","text":"","link_label":"","link":""}},"column2":{"type":"column","settings":{"image":"shopify:\/\/shop_images\/USP5.jpg","title":"","text":"","link_label":"","link":""}},"column3":{"type":"column","settings":{"image":"shopify:\/\/shop_images\/USP3.jpg","title":"","text":"","link_label":"","link":""}},"column4":{"type":"column","settings":{"image":"shopify:\/\/shop_images\/USP6.jpg","title":"","text":"","link_label":"","link":""}},"column5":{"type":"column","settings":{"image":"shopify:\/\/shop_images\/USP4.jpg","title":"","text":"","link_label":"","link":""}},"column6":{"type":"column","settings":{"image":"shopify:\/\/shop_images\/USP2.jpg","title":"","text":"","link_label":"","link":""}}},"block_order":["column1","column2","column3","column4","column5","column6"],"settings":{"title":"","heading_size":"h1","image_width":"full","image_ratio":"adapt","columns_desktop":6,"column_alignment":"center","background_style":"none","button_label":"","button_link":"","color_scheme":"scheme-2","columns_mobile":"2","swipe_on_mobile":true,"padding_top":12,"padding_bottom":12}},"rich_text":{"type":"rich-text","blocks":{"text":{"type":"text","settings":{"text":"<p>Timeless Designs | Superior Craftsmanship | Exceptional Quality | Unmatched Value<\/p>"}}},"block_order":["text"],"settings":{"desktop_content_position":"center","content_alignment":"center","color_scheme":"scheme-5","full_width":true,"padding_top":4,"padding_bottom":4}},"featured_collection1":{"type":"featured-collection","settings":{"title":"<strong>NEW ARRIVALS<\/strong>","heading_size":"h2","description":"<p>Jewellery is the next best thing to Love!<\/p>","show_description":false,"description_style":"body","collection":"frontpage","products_to_show":10,"columns_desktop":5,"full_width":true,"show_view_all":true,"view_all_style":"solid","enable_desktop_slider":false,"color_scheme":"scheme-1","image_ratio":"adapt","image_shape":"default","show_secondary_image":false,"show_vendor":false,"show_rating":false,"quick_add":"bulk","columns_mobile":"2","swipe_on_mobile":false,"padding_top":36,"padding_bottom":52}},"collection_list":{"type":"collection-list","blocks":{"featured_collection1":{"type":"featured_collection","settings":{"collection":"diamond-rings"}},"featured_collection2":{"type":"featured_collection","settings":{"collection":"diamond-earrings"}},"featured_collection3":{"type":"featured_collection","settings":{"collection":"diamond-pendants"}},"featured_collection4":{"type":"featured_collection","settings":{"collection":"diamond-bracelets"}},"featured_collection5":{"type":"featured_collection","settings":{"collection":"wedding-bands"}}},"block_order":["featured_collection1","featured_collection2","featured_collection3","featured_collection4","featured_collection5"],"settings":{"title":"<strong>SHOP OUR TOP CATEGORIES<\/strong>","heading_size":"h2","image_ratio":"adapt","columns_desktop":5,"color_scheme":"scheme-4","show_view_all":false,"columns_mobile":"1","swipe_on_mobile":false,"padding_top":48,"padding_bottom":60}},"multicolumn1":{"type":"multicolumn","blocks":{"column7":{"type":"column","settings":{"image":"shopify:\/\/shop_images\/iap_640x640.6545509575_37lkw8o1.jpg","title":"<a href=\"https:\/\/www.etsy.com\/people\/zjrcu39m\" target=\"_blank\" title=\"https:\/\/www.etsy.com\/people\/zjrcu39m\">Sharon Henry<\/a>","text":"<p>Just received this necklace and I love it! Already receiving compliments about how great it looks.🙂<\/p>","link_label":"SHOP NOW","link":""}},"column8":{"type":"column","settings":{"image":"shopify:\/\/shop_images\/iap_640x640.6201044245_294fe84q.jpg","title":"<a href=\"https:\/\/www.etsy.com\/people\/2p0ues6t\" target=\"_blank\" title=\"https:\/\/www.etsy.com\/people\/2p0ues6t\">Peter<\/a>","text":"<p>Outstanding quality. The pictures do not do it justice. Lighning fast shipping. It arrived ahead of schedule.<\/p>","link_label":"SHOP NOW","link":""}},"column9":{"type":"column","settings":{"image":"shopify:\/\/shop_images\/iap_640x640.6156214075_ookev6jt.jpg","title":"<a href=\"https:\/\/www.etsy.com\/people\/eznp8lu51psg7pxe?ref=shop_review\" target=\"_blank\" title=\"https:\/\/www.etsy.com\/people\/eznp8lu51psg7pxe?ref=shop_review\">Don Baylor<\/a>","text":"<p>My necklace is so beautiful, and the diamond sparkle is out of this world gorgeous! Will be doing my Christmas shopping.<\/p>","link_label":"SHOP NOW","link":""}},"column10":{"type":"column","settings":{"image":"shopify:\/\/shop_images\/iap_640x640.5712792446_6ns71aot.jpg","title":"<a href=\"https:\/\/www.etsy.com\/people\/lchick4\" target=\"_blank\" title=\"https:\/\/www.etsy.com\/people\/lchick4\"><span style=\"text-decoration:underline\">Lisa Chick<\/span><\/a>","text":"<p>Beautiful piece, I was a bit worried buying jewelry online however I was relieved to see its quality.<\/p>","link_label":"SHOP NOW","link":""}}},"block_order":["column7","column8","column9","column10"],"settings":{"title":"OUR HAPPY CUSTOMERS","heading_size":"h1","image_width":"full","image_ratio":"adapt","columns_desktop":4,"column_alignment":"left","background_style":"none","button_label":"","button_link":"","color_scheme":"scheme-2","columns_mobile":"1","swipe_on_mobile":true,"padding_top":68,"padding_bottom":68}},"featured_collection2":{"type":"featured-collection","settings":{"title":"<strong>LATEST DIAMOND RINGS<\/strong>","heading_size":"h2","description":"<p>Explore our latest diamond rings – elegant designs, brilliant craftsmanship, and timeless beauty for every special moment.<\/p>","show_description":false,"description_style":"body","collection":"diamond-jewelry","products_to_show":6,"columns_desktop":5,"full_width":false,"show_view_all":false,"view_all_style":"solid","enable_desktop_slider":true,"color_scheme":"","image_ratio":"adapt","image_shape":"default","show_secondary_image":false,"show_vendor":false,"show_rating":false,"quick_add":"bulk","columns_mobile":"2","swipe_on_mobile":false,"padding_top":36,"padding_bottom":52}},"video_kEXNKx":{"type":"video","settings":{"heading":"Filing the gold and platinum cast parts that make up a diamond engagement ring.","heading_size":"h1","enable_video_looping":false,"video_url":"https:\/\/www.youtube.com\/watch?v=IX2QkAfwkRI","cover_image":"shopify:\/\/shop_images\/Snapshot_1_03-02-2021_15-55.png","description":"Filing the gold and platinum cast parts that make up a diamond engagement ring.","full_width":true,"color_scheme":"scheme-5","padding_top":36,"padding_bottom":36}},"multicolumn2":{"type":"multicolumn","blocks":{"column11":{"type":"column","settings":{"image":"shopify:\/\/shop_images\/GI47xBwXUAAOHM.jpg","title":"JEWELRY FOR EVERY OCCASION","text":"<p>Kesh Gemstone offers exquisite jewelry for every occasion, blending timeless elegance with exceptional craftsmanship.<\/p>","link_label":"Read now","link":""}},"column12":{"type":"column","settings":{"image":"shopify:\/\/shop_images\/Our_diamonds.jpg","title":"OUR DIAMONDS","text":"<p>Our diamonds at Kesh Gemstone are ethically sourced, expertly cut, and crafted to deliver unmatched brilliance and timeless beauty.<\/p>","link_label":"Read now","link":""}},"column13":{"type":"column","settings":{"image":"shopify:\/\/shop_images\/Gifting_Jewelry.jpg","title":"GIFTING JEWELRY","text":"<p>Make every celebration truly memorable with Kesh Gemstone’s exquisite, timeless, and handcrafted jewelry, the perfect gift to cherish forever<\/p>","link_label":"Read now","link":""}},"column14":{"type":"column","settings":{"image":"shopify:\/\/shop_images\/custom_Jewelry.jpg","title":"CUSTOMISED JEWELRY","text":"<p>Kesh Gemstone specializes in customized jewelry, creating unique pieces tailored to your style and special moments.<\/p>","link_label":"Read now","link":""}}},"block_order":["column11","column12","column13","column14"],"settings":{"title":"HOW CAN KESH GEMSTONE HELP YOU?","heading_size":"h2","image_width":"full","image_ratio":"adapt","columns_desktop":4,"column_alignment":"left","background_style":"primary","button_label":"","button_link":"","color_scheme":"scheme-3","columns_mobile":"1","swipe_on_mobile":false,"padding_top":44,"padding_bottom":48}}},"order":["image_banner","multicolumn","rich_text","featured_collection1","collection_list","multicolumn1","featured_collection2","video_kEXNKx","multicolumn2"]}