{"sections":{"main":{"type":"main-product","blocks":{"title":{"type":"title","settings":{}},"price":{"type":"price","settings":{}},"description":{"type":"description","settings":{}},"collapsible-row-0":{"type":"collapsible_tab","settings":{"heading":"Payment & Shipping","icon":"box","content":"<p>At Kesh Gemstone, we ensure a seamless and secure shopping experience:<\/p><ul><li><strong>Payment Options<\/strong>: We accept all major credit and debit cards, PayPal, and other secure payment methods for your convenience.<\/li><li><strong>Shipping<\/strong>: Enjoy fast and reliable shipping worldwide. Orders are typically processed within 1-2 business days. Free shipping is available on select orders, and tracking details will be provided once your item is dispatched.<\/li><li><strong>Customs & Duties<\/strong>: International buyers may be responsible for customs duties or taxes as per their country’s regulations.<\/li><\/ul><p>For more information, please visit our <strong>Payment & Shipping Policy<\/strong> page or contact our support team.<\/p><p>Shop with confidence at Kesh Gemstone!<\/p>","page":"materials-and-care"}},"collapsible-row-2":{"type":"collapsible_tab","settings":{"heading":"Warranty & Returns","icon":"check_mark","content":"<p>At Kesh Gemstone, we are committed to providing you with exceptional quality and service.<\/p><ul><li><strong>Warranty<\/strong>: All our jewelry is covered by a warranty against manufacturing defects. If you experience any issues related to workmanship or materials, we will repair or replace the item as needed. Please retain your purchase receipt for warranty claims.<\/li><li><strong>Returns<\/strong>: We offer a 30-day return policy for unused items in their original condition and packaging. If you are not completely satisfied, you can request a return or exchange within this period. Custom-made or personalized items may not be eligible for returns unless defective.<\/li><\/ul><p>For more details, please refer to our <strong>Warranty & Returns Policy<\/strong> page or contact our customer service team.<\/p><p>Your satisfaction is our top priority!<\/p>","page":"merchandising-tips"}},"collapsible-row-1":{"type":"collapsible_tab","settings":{"heading":"Product features","icon":"star","content":"","page":"product-features"}},"share":{"type":"share","settings":{"share_label":"Share"}}},"block_order":["title","price","description","collapsible-row-0","collapsible-row-2","collapsible-row-1","share"],"settings":{"enable_sticky_info":true,"color_scheme":"","media_size":"small","constrain_to_viewport":false,"media_fit":"cover","gallery_layout":"thumbnail_slider","media_position":"right","image_zoom":"lightbox","mobile_thumbnails":"hide","hide_variants":true,"enable_video_looping":false,"padding_top":36,"padding_bottom":36}},"quick-order-list":{"type":"quick-order-list","settings":{"show_image":true,"show_sku":true,"color_scheme":"scheme-2","padding_top":36,"padding_bottom":16}},"related-products":{"type":"related-products","settings":{"heading":"Other industry favorites","heading_size":"h2","products_to_show":5,"columns_desktop":5,"color_scheme":"scheme-1","image_ratio":"adapt","image_shape":"default","show_secondary_image":false,"show_vendor":false,"show_rating":false,"columns_mobile":"2","padding_top":36,"padding_bottom":44}}},"order":["main","quick-order-list","related-products"]}